station_triplet,station_id,name,state,network,lat,long,elevation_ft,huc,begin_date,end_date
1000:OR:SNTL,1000,Annie Springs,OR,SNTL,42.87007,-122.16518,6020.0,180102030101,2000-09-01,2100-01-01
1008:MT:SNTL,1008,Onion Park,MT,SNTL,46.91348,-110.8536,7420.0,100301030801,1992-10-01,2100-01-01
1009:MT:SNTL,1009,Stringer Creek,MT,SNTL,46.9269,-110.90198,6550.0,100301030801,1992-10-01,2100-01-01
1010:OR:SNTL,1010,Crazyman Flat,OR,SNTL,42.6381,-120.94917,6190.0,180102020101,2001-09-01,2100-01-01
1011:WA:SNTL,1011,MF Nooksack,WA,SNTL,48.82441,-121.92947,4940.0,171100040303,2002-10-01,2100-01-01
1012:WA:SNTL,1012,Swift Creek,WA,SNTL,46.1638,-122.18402,4440.0,170800020304,2001-10-01,2100-01-01
1015:WY:SNTL,1015,Sage Creek Basin,WY,SNTL,41.40107,-107.2574,7830.0,101800020802,2001-10-01,2100-01-01
1016:ID:SNTL,1016,Long Valley,ID,SNTL,44.78835,-116.08878,4890.0,170501230206,2001-10-01,2100-01-01
1043:WA:SNTL,1043,Sentinel Butte,WA,SNTL,48.86133,-118.39843,4680.0,170200021705,2003-08-27,2100-01-01
1044:OR:SNTL,1044,Toketee Airstrip,OR,SNTL,43.22718,-122.42537,3240.0,171003010404,2003-10-01,2100-01-01
1045:WY:SNTL,1045,Crow Creek,WY,SNTL,41.22824,-105.38571,8320.0,101900090104,2003-08-01,2100-01-01
1046:WY:SNTL,1046,Cinnabar Park,WY,SNTL,41.23843,-106.23101,9670.0,101800100503,1999-06-13,2100-01-01
1047:WY:SNTL,1047,Little Snake River,WY,SNTL,41.07051,-106.94284,8930.0,140500030103,2004-07-27,2100-01-01
1053:ID:SNTL,1053,Myrtle Creek,ID,SNTL,48.72263,-116.46312,3540.0,170101040701,2003-10-01,2100-01-01
1068:WA:SNTL,1068,Sawmill Ridge,WA,SNTL,47.15992,-121.42172,4640.0,171100130104,2006-07-27,2100-01-01
1069:WA:SNTL,1069,Lynn Lake,WA,SNTL,47.20172,-121.77972,3900.0,171100130203,2007-08-30,2100-01-01
1077:OR:SNTL,1077,Swan Lake Mtn,OR,SNTL,42.41323,-121.68002,6830.0,180102040802,2006-10-01,2100-01-01
1078:OR:SNTL,1078,Sun Pass,OR,SNTL,42.78637,-121.97715,5400.0,180102010602,2006-06-27,2100-01-01
1079:OR:SNTL,1079,Milk Shakes,OR,SNTL,45.9821,-117.94883,5580.0,170701020201,2007-05-12,2100-01-01
1080:WA:SNTL,1080,Brown Top,WA,SNTL,48.92753,-121.19717,5850.0,171100050601,2009-09-15,2100-01-01
1081:ID:SNTL,1081,Ragged Mountain,ID,SNTL,47.85583,-117.03667,4210.0,170103050302,2006-08-22,2100-01-01
1082:WY:SNTL,1082,Grand Targhee,WY,SNTL,43.77933,-110.92783,9260.0,170402040202,2006-08-21,2100-01-01
1084:OR:SNTL,1084,Miller Woods,OR,SNTL,45.24755,-123.27563,420.0,170900080606,2006-09-22,2100-01-01
1085:WA:SNTL,1085,Cayuse Pass,WA,SNTL,46.86956,-121.53434,5260.0,171100140301,2006-10-01,2100-01-01
1104:WA:SNTL,1104,Pepper Creek,WA,SNTL,46.10242,-121.95555,2140.0,170800020111,2007-08-15,2100-01-01
1105:MT:SNTL,1105,East Boulder Mine,MT,SNTL,45.50381,-110.08019,6310.0,100700020701,2008-06-19,2100-01-01
1107:WA:SNTL,1107,Buckinghorse,WA,SNTL,47.7086,-123.45747,4850.0,171100200501,2008-06-19,2100-01-01
1109:WA:SNTL,1109,Calamity,WA,SNTL,45.90362,-122.21633,2510.0,170800020603,2008-08-21,2100-01-01
1119:WY:SNTL,1119,Blackhall Mtn,WY,SNTL,41.05623,-106.714,9830.0,101800020504,2009-08-07,2100-01-01
1126:WA:SNTL,1126,Mt. Tebo,WA,SNTL,47.46061,-123.41219,3380.0,171100170101,2020-07-08,2100-01-01
1129:WA:SNTL,1129,Indian Rock,WA,SNTL,45.99077,-120.80768,5320.0,170701060301,2008-10-01,2100-01-01
1130:WY:SNTL,1130,Castle Creek,WY,SNTL,43.6748,-109.3774,8410.0,100800010401,2010-08-18,2100-01-01
1131:WY:SNTL,1131,Little Goose,WY,SNTL,44.54315,-107.17865,8560.0,100901010105,2010-08-04,2100-01-01
1132:WY:SNTL,1132,Soldier Park,WY,SNTL,44.34847,-107.0136,8680.0,100902060103,2010-08-06,2100-01-01
1133:WY:SNTL,1133,Pocket Creek,WY,SNTL,42.7121,-109.4112,9370.0,140401020505,2009-09-10,2100-01-01
1134:WY:SNTL,1134,Larsen Creek,WY,SNTL,42.58019,-109.08829,8880.0,101800060101,2010-08-04,2100-01-01
1142:ID:SNTL,1142,Pierce R.S.,ID,SNTL,46.49597,-115.7957,3080.0,170603060401,2009-09-29,2100-01-01
1144:MT:SNTL,1144,Blacktail Mtn,MT,SNTL,47.98317,-114.35443,5660.0,170102080302,2010-08-25,2100-01-01
1158:OR:SNTL,1158,Howard Prairie,OR,SNTL,42.215,-122.3713,4580.0,180102060401,2012-09-26,2100-01-01
1159:WA:SNTL,1159,Gold Axe Camp,WA,SNTL,48.9516,-118.9864,5380.0,170200021204,2010-10-01,2100-01-01
1166:OR:SNTL,1166,Bear Grass,OR,SNTL,44.3253,-122.0938,4720.0,170900040203,2011-07-18,2100-01-01
1167:OR:SNTL,1167,Smith Ridge,OR,SNTL,44.30325,-122.04053,3270.0,170900040203,2011-10-01,2100-01-01
1171:WA:SNTL,1171,Trinity,WA,SNTL,48.07471,-120.84989,2890.0,170200110302,2010-08-18,2100-01-01
1190:MT:SNTL,1190,Bassoo Peak,MT,SNTL,47.85562,-114.75841,5130.0,170102120105,2011-10-12,2100-01-01
1196:WY:SNTL,1196,Med Bow,WY,SNTL,41.37833,-106.34697,10500.0,101800040302,2012-08-15,2100-01-01
1231:WA:SNTL,1231,Satus Pass,WA,SNTL,45.98797,-120.67734,3960.0,170701060301,2012-08-23,2100-01-01
1256:WA:SNTL,1256,Gold Mountain,WA,SNTL,48.19253,-118.45715,4500.0,170200011601,2010-10-08,2100-01-01
1257:WA:SNTL,1257,Skate Creek,WA,SNTL,46.64336,-121.83044,3770.0,170800040505,2014-10-15,2100-01-01
1259:WA:SNTL,1259,Muckamuck,WA,SNTL,48.58526,-119.86624,4470.0,170200062001,2014-06-10,2100-01-01
1263:WA:SNTL,1263,Pinto Rock,WA,SNTL,46.32318,-121.94219,4450.0,170800040405,2014-10-01,2100-01-01
1286:MT:SNTL,1286,Slagamelt Lakes,MT,SNTL,45.36526,-113.71834,8600.0,100200040308,2017-09-14,2100-01-01
1287:MT:SNTL,1287,JL Meadow,MT,SNTL,44.77665,-113.12217,8750.0,100200011202,2017-10-13,2100-01-01
1299:ID:SNTL,1299,Pebble Creek,ID,SNTL,42.7674,-112.10648,6520.0,170402080206,2021-06-17,2100-01-01
1305:ID:SNTL,1305,Fish Ck,ID,SNTL,43.55545,-113.71931,6380.0,170402210401,2021-09-29,2100-01-01
1306:ID:SNTL,1306,Couch Summit,ID,SNTL,43.51762,-114.80214,6780.0,170501130204,2021-10-07,2100-01-01
1311:MT:SNTL,1311,Stryker Basin,MT,SNTL,48.68005,-114.66365,6200.0,170102100501,2023-09-29,2100-01-01
1312:MT:SNTL,1312,Chicago Ridge,MT,SNTL,48.06224,-115.69748,5700.0,170102131301,2022-08-22,2100-01-01
1314:OR:SNTL,1314,Fifteenmile,OR,SNTL,45.35265,-121.53,5970.0,170701050503,2022-09-21,2100-01-01
1316:MT:SNTL,1316,Elk Peak Alt,MT,SNTL,46.47617,-110.72148,7820.0,100301030104,2023-07-13,2100-01-01
2029:ID:SNTL,2029,Reynolds Creek,ID,SNTL,43.28863,-116.8431,5590.0,170501030604,1999-08-31,2100-01-01
302:OR:SNTL,302,Aneroid Lake #2,OR,SNTL,45.21332,-117.19255,7430.0,170601050101,1980-10-01,2100-01-01
304:OR:SNTL,304,Arbuckle Mtn,OR,SNTL,45.19085,-119.25392,5770.0,170702020604,1978-10-01,2100-01-01
306:ID:SNTL,306,Atlanta Summit,ID,SNTL,43.7569,-115.23907,7570.0,170501110204,1978-10-01,2100-01-01
307:MT:SNTL,307,Badger Pass,MT,SNTL,48.13091,-113.02311,6870.0,100302010201,1968-10-01,2100-01-01
309:WY:SNTL,309,Bald Mtn.,WY,SNTL,44.80061,-107.84428,9360.0,100800100501,1975-10-01,2100-01-01
311:MT:SNTL,311,Banfield Mountain,MT,SNTL,48.5712,-115.44573,5580.0,170101011202,1968-10-01,2100-01-01
312:ID:SNTL,312,Banner Summit,ID,SNTL,44.30342,-115.23447,7040.0,170501200202,1979-10-01,2100-01-01
313:MT:SNTL,313,Barker Lakes,MT,SNTL,46.09713,-113.13038,8250.0,170102010304,1977-08-01,2100-01-01
314:WY:SNTL,314,Base Camp,WY,SNTL,43.94019,-110.44544,7040.0,170401010304,1979-10-01,2100-01-01
315:MT:SNTL,315,Basin Creek,MT,SNTL,45.79737,-112.52047,7120.0,170102010201,1976-10-01,2100-01-01
317:WY:SNTL,317,Battle Mountain,WY,SNTL,41.05402,-107.26674,7460.0,140500030109,1985-10-01,2100-01-01
318:MT:SNTL,318,Beagle Springs,MT,SNTL,44.47147,-112.98191,8880.0,100200010501,1976-10-01,2100-01-01
319:ID:SNTL,319,Bear Basin,ID,SNTL,44.95222,-116.14293,5350.0,170602100104,1979-10-01,2100-01-01
320:ID:SNTL,320,Bear Canyon,ID,SNTL,43.74367,-113.93797,7920.0,170402180101,1979-10-01,2100-01-01
323:ID:SNTL,323,Bear Mountain,ID,SNTL,48.30583,-116.07444,5460.0,170102131202,1979-10-01,2100-01-01
324:ID:SNTL,324,Bear Saddle,ID,SNTL,44.60533,-116.98097,6170.0,170501241001,1979-10-01,2100-01-01
325:WY:SNTL,325,Bear Trap Meadow,WY,SNTL,43.88743,-107.06135,8200.0,100902010205,1979-10-01,2100-01-01
326:WY:SNTL,326,Beartooth Lake,WY,SNTL,44.94307,-109.56743,9360.0,100700060206,1979-10-01,2100-01-01
328:MT:SNTL,328,Beaver Creek,MT,SNTL,44.94966,-111.35852,7820.0,100200070402,1966-10-01,2100-01-01
331:OR:SNTL,331,Beaver Reservoir,OR,SNTL,45.14532,-118.219,5140.0,170601040301,1979-10-01,2100-01-01
338:ID:SNTL,338,Big Creek Summit,ID,SNTL,44.62621,-115.79561,6550.0,170602080402,1979-10-01,2100-01-01
341:OR:SNTL,341,Big Red Mountain,OR,SNTL,42.05257,-122.85487,6060.0,171003090301,1979-10-01,2100-01-01
342:WY:SNTL,342,Big Sandy Opening,WY,SNTL,42.6458,-109.25965,9100.0,140401040101,1963-03-01,2100-01-01
343:OR:SNTL,343,Bigelow Camp,OR,SNTL,42.07875,-123.34393,5130.0,171003090105,1979-10-01,2100-01-01
344:OR:SNTL,344,Billie Creek Divide,OR,SNTL,42.40717,-122.26617,5280.0,180102030201,1978-10-01,2100-01-01
346:MT:SNTL,346,Bisson Creek,MT,SNTL,47.68386,-113.99895,4880.0,170102120602,1988-10-01,2100-01-01
347:MT:SNTL,347,Black Bear,MT,SNTL,44.50832,-111.12803,8160.0,100200070202,1967-10-01,2100-01-01
349:MT:SNTL,349,Black Pine,MT,SNTL,46.414,-113.43095,7170.0,170102020203,1965-10-01,2100-01-01
350:WY:SNTL,350,Blackwater,WY,SNTL,44.37667,-109.79333,9830.0,100800120209,1979-10-01,2100-01-01
351:OR:SNTL,351,Blazed Alder,OR,SNTL,45.4287,-121.85605,3660.0,170800010102,1979-10-01,2100-01-01
352:WA:SNTL,352,Blewett Pass,WA,SNTL,47.35037,-120.6796,4240.0,170200110501,1979-10-01,2100-01-01
353:WY:SNTL,353,Blind Bull Sum,WY,SNTL,42.96413,-110.60992,8880.0,140401010402,1978-10-01,2100-01-01
355:MT:SNTL,355,Bloody Dick,MT,SNTL,45.16507,-113.50099,7570.0,100200011002,1976-10-01,2100-01-01
357:OR:SNTL,357,Blue Mountain Spring,OR,SNTL,44.24767,-118.51722,5880.0,170501160104,1978-10-01,2100-01-01
358:WY:SNTL,358,Bone Springs Div,WY,SNTL,44.67881,-107.5811,9340.0,100800100102,1978-10-01,2100-01-01
359:ID:SNTL,359,Bostetter R.S.,ID,SNTL,42.16442,-114.19272,7530.0,170402120201,1979-10-01,2100-01-01
360:MT:SNTL,360,Boulder Mountain,MT,SNTL,46.5596,-111.28973,7890.0,100301030501,1976-10-01,2100-01-01
361:OR:SNTL,361,Bourne,OR,SNTL,44.83052,-118.18787,5850.0,170502030101,1978-10-01,2100-01-01
362:OR:SNTL,362,Bowman Springs,OR,SNTL,45.36428,-118.46715,4550.0,170701030401,1978-10-01,2100-01-01
363:MT:SNTL,363,Box Canyon,MT,SNTL,45.27178,-110.24899,6720.0,100700020902,1976-10-01,2100-01-01
365:MT:SNTL,365,Brackett Creek,MT,SNTL,45.89107,-110.93851,7370.0,100700030403,1992-08-01,2100-01-01
367:WY:SNTL,367,Brooklyn Lake,WY,SNTL,41.36038,-106.23038,10250.0,101800100502,1962-10-01,2100-01-01
370:ID:SNTL,370,Brundage Reservoir,ID,SNTL,45.04315,-116.13253,6280.0,170602100104,1985-10-01,2100-01-01
375:WA:SNTL,375,Bumping Ridge,WA,SNTL,46.81003,-121.33058,4600.0,170300020105,1978-10-01,2100-01-01
376:WA:SNTL,376,Bunchgrass Mdw,WA,SNTL,48.68688,-117.17633,5020.0,170102160401,1979-10-01,2100-01-01
377:WY:SNTL,377,Burgess Junction,WY,SNTL,44.78765,-107.52917,7910.0,100901010202,1979-10-01,2100-01-01
379:WY:SNTL,379,Burroughs Creek,WY,SNTL,43.69733,-109.67021,8760.0,100800010102,1978-10-01,2100-01-01
381:MT:SNTL,381,Calvert Creek,MT,SNTL,45.8838,-113.32553,6410.0,100200040801,1974-10-01,2100-01-01
382:ID:SNTL,382,Camas Creek Divide,ID,SNTL,43.26548,-115.3453,5720.0,170402200101,1991-10-01,2100-01-01
384:WY:SNTL,384,Canyon,WY,SNTL,44.71961,-110.51084,7870.0,100700010705,1960-10-01,2100-01-01
385:MT:SNTL,385,Carrot Basin,MT,SNTL,44.96192,-111.29403,9200.0,100200080105,1966-10-01,2100-01-01
388:OR:SNTL,388,Cascade Summit,OR,SNTL,43.59042,-122.0601,5100.0,170900010301,1979-10-01,2100-01-01
389:WY:SNTL,389,Casper Mtn.,WY,SNTL,42.73362,-106.31789,7940.0,101800070804,1962-01-01,2100-01-01
395:OR:SNTL,395,Chemult Alternate,OR,SNTL,43.22625,-121.80662,4850.0,180102010201,1979-10-01,2100-01-01
398:OR:SNTL,398,Clackamas Lake,OR,SNTL,45.09658,-121.75443,3400.0,170900110301,1979-10-01,2100-01-01
401:OR:SNTL,401,Clear Lake,OR,SNTL,45.18832,-121.6916,3810.0,170703060901,1979-10-01,2100-01-01
402:WY:SNTL,402,Cloud Peak Reservoir,WY,SNTL,44.40328,-107.06074,9830.0,100902060301,1978-10-01,2100-01-01
403:MT:SNTL,403,Clover Meadow,MT,SNTL,45.01788,-111.8456,8770.0,100200070803,1971-10-01,2100-01-01
405:WY:SNTL,405,Cold Springs,WY,SNTL,43.27676,-109.44585,9640.0,100800010702,1980-10-01,2100-01-01
406:OR:SNTL,406,Cold Springs Camp,OR,SNTL,42.53305,-122.17683,5940.0,180102030202,1979-10-01,2100-01-01
407:MT:SNTL,407,Cole Creek,MT,SNTL,45.19405,-109.34548,7910.0,100700060801,1960-10-01,2100-01-01
410:MT:SNTL,410,Combination,MT,SNTL,46.46523,-113.39358,5620.0,170102020401,1965-10-01,2100-01-01
411:ID:SNTL,411,Cool Creek,ID,SNTL,46.76361,-115.29528,6320.0,170603070702,1983-10-01,2100-01-01
413:MT:SNTL,413,Copper Bottom,MT,SNTL,47.05678,-112.595,5200.0,170102030103,1978-10-01,2100-01-01
414:MT:SNTL,414,Copper Camp,MT,SNTL,47.08158,-112.72955,6980.0,170102030103,1978-10-01,2100-01-01
418:WA:SNTL,418,Corral Pass,WA,SNTL,47.01872,-121.46464,5810.0,171100140307,1979-10-01,2100-01-01
419:WY:SNTL,419,Cottonwood Creek,WY,SNTL,42.6459,-110.81482,7710.0,170401050102,1980-10-01,2100-01-01
420:WA:SNTL,420,Cougar Mountain,WA,SNTL,47.27666,-121.67138,3210.0,171100130202,1979-10-01,2100-01-01
422:OR:SNTL,422,County Line,OR,SNTL,45.19107,-118.55015,4840.0,170601040202,1979-10-01,2100-01-01
423:ID:SNTL,423,Cozy Cove,ID,SNTL,44.28846,-115.65508,5410.0,170501200403,1978-10-01,2100-01-01
424:ID:SNTL,424,Crab Creek,ID,SNTL,44.437,-111.99384,6870.0,170402140108,1979-10-01,2100-01-01
425:ID:SNTL,425,Crater Meadows,ID,SNTL,46.56394,-115.28903,5960.0,170603070502,1983-10-01,2100-01-01
427:MT:SNTL,427,Crystal Lake,MT,SNTL,46.78936,-109.51202,6130.0,100401030204,1967-09-01,2100-01-01
433:MT:SNTL,433,Daly Creek,MT,SNTL,46.18367,-113.8533,5780.0,170102050901,1966-10-01,2100-01-01
434:OR:SNTL,434,Daly Lake,OR,SNTL,44.52147,-122.08718,3690.0,170900060101,1978-10-01,2100-01-01
436:MT:SNTL,436,Darkhorse Lake,MT,SNTL,45.17368,-113.5846,8930.0,100200040301,1977-08-01,2100-01-01
437:MT:SNTL,437,Deadman Creek,MT,SNTL,46.79279,-110.67545,6440.0,100301030401,1966-10-01,2100-01-01
439:ID:SNTL,439,Deadwood Summit,ID,SNTL,44.54492,-115.56386,6990.0,170501200401,1978-10-01,2100-01-01
440:OR:SNTL,440,Derr.,OR,SNTL,44.4465,-119.93012,5850.0,170703040401,1979-10-01,2100-01-01
442:OR:SNTL,442,Diamond Lake,OR,SNTL,43.18787,-122.14003,5280.0,171003010204,1979-10-01,2100-01-01
448:MT:SNTL,448,Divide,MT,SNTL,44.79317,-112.05645,7770.0,100200030102,1971-01-01,2100-01-01
449:WY:SNTL,449,Divide Peak,WY,SNTL,41.30399,-107.15255,8700.0,140500030203,1979-10-01,2100-01-01
450:ID:SNTL,450,Dollarhide Summit,ID,SNTL,43.6025,-114.67417,8390.0,170402190201,1979-10-01,2100-01-01
451:WY:SNTL,451,Dome Lake,WY,SNTL,44.57462,-107.29537,8890.0,100901010102,1978-10-01,2100-01-01
458:MT:SNTL,458,Dupuyer Creek,MT,SNTL,48.06341,-112.7573,5740.0,100302010501,1982-10-01,2100-01-01
460:WY:SNTL,460,East Rim Divide,WY,SNTL,43.13097,-110.2023,8010.0,170401030203,1984-10-01,2100-01-01
464:OR:SNTL,464,Eilertson Meadows,OR,SNTL,44.86887,-118.11387,5510.0,170502030404,1979-10-01,2100-01-01
466:ID:SNTL,466,Elk Butte,ID,SNTL,46.83998,-116.12233,5680.0,170603080701,1982-10-01,2100-01-01
468:WY:SNTL,468,Elkhart Park G.S.,WY,SNTL,43.00657,-109.75893,9410.0,140401020103,1963-10-01,2100-01-01
469:MT:SNTL,469,Emery Creek,MT,SNTL,48.43412,-113.93725,4340.0,170102090703,1975-10-01,2100-01-01
470:OR:SNTL,470,Emigrant Springs,OR,SNTL,45.55808,-118.45385,3790.0,170701030501,1979-10-01,2100-01-01
471:ID:SNTL,471,Emigrant Summit,ID,SNTL,42.36055,-111.56085,7390.0,160102020206,1979-10-01,2100-01-01
472:WY:SNTL,472,Evening Star,WY,SNTL,44.65258,-109.78422,9030.0,100700060301,1979-10-01,2100-01-01
477:OR:SNTL,477,Fish Creek,OR,SNTL,42.70993,-118.63219,7700.0,171200030107,1978-10-01,2100-01-01
478:WA:SNTL,478,Fish Lake,WA,SNTL,47.53565,-121.08553,3440.0,170300010102,1979-10-01,2100-01-01
479:OR:SNTL,479,Fish Lk.,OR,SNTL,42.3801,-122.34943,4660.0,171003070801,1979-10-01,2100-01-01
480:MT:SNTL,480,Fisher Creek,MT,SNTL,45.06235,-109.94488,9110.0,100700060202,1966-10-01,2100-01-01
482:MT:SNTL,482,Flattop Mtn.,MT,SNTL,48.80225,-113.85713,6280.0,170102070501,1969-10-01,2100-01-01
483:OR:SNTL,483,Fourmile Lake,OR,SNTL,42.43933,-122.2288,5970.0,180102030202,1978-10-01,2100-01-01
484:ID:SNTL,484,Franklin Basin,ID,SNTL,42.0505,-111.6012,8140.0,160102020501,1978-10-01,2100-01-01
487:MT:SNTL,487,Frohner Meadow,MT,SNTL,46.43545,-112.19277,6520.0,100301011305,1967-10-01,2100-01-01
489:ID:SNTL,489,Galena,ID,SNTL,43.87722,-114.6725,7470.0,170402190101,1979-10-01,2100-01-01
490:ID:SNTL,490,Galena Summit,ID,SNTL,43.87497,-114.71363,8790.0,170402190101,1978-10-01,2100-01-01
492:ID:SNTL,492,Garfield R.S.,ID,SNTL,43.6104,-113.9308,6580.0,170402210301,1979-10-01,2100-01-01
493:ID:SNTL,493,Giveout,ID,SNTL,42.4132,-111.1663,6940.0,160102010401,1979-10-01,2100-01-01
494:OR:SNTL,494,Gold Center,OR,SNTL,44.7638,-118.3117,5400.0,170702020202,1979-10-01,2100-01-01
496:ID:SNTL,496,Graham Guard Sta.,ID,SNTL,43.9538,-115.27387,5690.0,170501110303,1978-10-01,2100-01-01
497:WY:SNTL,497,Granite Creek,WY,SNTL,43.34298,-110.43495,6770.0,170401030304,1987-10-01,2100-01-01
499:WY:SNTL,499,Grassy Lake,WY,SNTL,44.12602,-110.83429,7330.0,170402030202,1962-09-01,2100-01-01
500:MT:SNTL,500,Grave Creek,MT,SNTL,48.91453,-114.76663,4350.0,170101010801,1968-10-01,2100-01-01
501:WY:SNTL,501,Grave Springs,WY,SNTL,43.46643,-107.23977,8560.0,100902010103,1991-10-01,2100-01-01
502:WA:SNTL,502,Green Lake,WA,SNTL,46.54741,-121.17093,5920.0,170300030101,1981-10-01,2100-01-01
504:OR:SNTL,504,Greenpoint,OR,SNTL,45.62237,-121.70415,3320.0,170701050603,1978-10-01,2100-01-01
506:WY:SNTL,506,Gros Ventre Summit,WY,SNTL,43.38939,-110.12943,8760.0,170401020203,1976-04-01,2100-01-01
507:WA:SNTL,507,Grouse Camp,WA,SNTL,47.28107,-120.48771,5390.0,170300010401,1979-10-01,2100-01-01
509:WY:SNTL,509,Hams Fork,WY,SNTL,42.146,-110.67833,7860.0,140401070504,1984-10-01,2100-01-01
510:MT:SNTL,510,Hand Creek,MT,SNTL,48.30754,-114.84075,5030.0,170102100304,1976-10-01,2100-01-01
512:WY:SNTL,512,Hanson Sawmill,WY,SNTL,44.25602,-106.97983,8360.0,100902060101,1979-10-01,2100-01-01
515:WA:SNTL,515,Harts Pass,WA,SNTL,48.72047,-120.6586,6490.0,171100050501,1979-10-01,2100-01-01
516:MT:SNTL,516,Hawkins Lake,MT,SNTL,48.9724,-115.95344,6460.0,170101050201,1968-10-01,2100-01-01
520:ID:SNTL,520,Hemlock Butte,ID,SNTL,46.48111,-115.63361,5800.0,170603070601,1982-10-01,2100-01-01
523:OR:SNTL,523,High Ridge,OR,SNTL,45.69682,-118.10657,4900.0,170701030103,1978-10-01,2100-01-01
524:ID:SNTL,524,Hilts Creek,ID,SNTL,44.01896,-113.47242,8090.0,170402170401,1979-10-01,2100-01-01
525:WY:SNTL,525,Hobbs Park,WY,SNTL,42.86984,-109.09455,10080.0,100800030207,1978-10-01,2100-01-01
526:OR:SNTL,526,Hogg Pass,OR,SNTL,44.42042,-121.85655,4800.0,170900040201,1978-10-01,2100-01-01
529:OR:SNTL,529,Holland Meadows,OR,SNTL,43.66917,-122.56877,4930.0,170900020201,1979-10-01,2100-01-01
530:MT:SNTL,530,Hoodoo Basin,MT,SNTL,46.97511,-115.03486,6060.0,170102040607,1966-10-01,2100-01-01
534:ID:SNTL,534,Howell Canyon,ID,SNTL,42.32029,-113.61587,8010.0,170402090602,1978-10-01,2100-01-01
535:ID:SNTL,535,Humboldt Gulch,ID,SNTL,47.53178,-115.77643,4260.0,170103020102,1978-10-01,2100-01-01
537:ID:SNTL,537,Hyndman,ID,SNTL,43.71077,-114.15894,7590.0,170402190402,1979-10-01,2100-01-01
544:WY:SNTL,544,Indian Creek,WY,SNTL,42.30023,-110.67753,9400.0,140401070502,1979-10-01,2100-01-01
545:OR:SNTL,545,Irish Taylor,OR,SNTL,43.80368,-121.94793,5540.0,170703010106,1978-10-01,2100-01-01
546:ID:SNTL,546,Island Park,ID,SNTL,44.4203,-111.38512,6300.0,170402020601,1979-10-01,2100-01-01
550:ID:SNTL,550,Jackson Peak,ID,SNTL,44.05092,-115.44322,7060.0,170501200304,1979-10-01,2100-01-01
552:OR:SNTL,552,Jump Off Joe,OR,SNTL,44.38605,-122.16683,3530.0,170900060201,1978-10-01,2100-01-01
553:WA:SNTL,553,June Lake,WA,SNTL,46.14778,-122.15413,3440.0,170800020304,1980-10-01,2100-01-01
554:WY:SNTL,554,Kelley R.S.,WY,SNTL,42.26554,-110.80181,8240.0,140401070501,1963-10-01,2100-01-01
555:WY:SNTL,555,Kendall R.S.,WY,SNTL,43.24922,-110.01671,7790.0,140401010302,1984-10-01,2100-01-01
558:OR:SNTL,558,King Mountain,OR,SNTL,42.72395,-123.20037,4340.0,171003020701,1979-10-01,2100-01-01
560:WY:SNTL,560,Kirwin,WY,SNTL,43.86067,-109.32163,9580.0,100800090101,1979-10-01,2100-01-01
562:MT:SNTL,562,Kraft Creek,MT,SNTL,47.42749,-113.77515,4770.0,170102110104,1979-10-01,2100-01-01
563:OR:SNTL,563,Lake Creek R.S.,OR,SNTL,44.21007,-118.63752,5250.0,170501160102,1978-10-01,2100-01-01
568:MT:SNTL,568,Lakeview Ridge,MT,SNTL,44.58907,-111.82498,7340.0,100200010105,1960-10-01,2100-01-01
571:WY:SNTL,571,Laprele Creek,WY,SNTL,42.43566,-105.86051,8370.0,101800071201,1978-10-01,2100-01-01
576:MT:SNTL,576,Lemhi Ridge,MT,SNTL,44.9938,-113.44399,8080.0,100200011106,1971-01-01,2100-01-01
577:WY:SNTL,577,Lewis Lake Divide,WY,SNTL,44.20862,-110.66628,7880.0,170401010104,1963-09-01,2100-01-01
578:MT:SNTL,578,Lick Creek,MT,SNTL,45.5041,-110.96625,6880.0,100200081001,1963-10-01,2100-01-01
584:OR:SNTL,584,Little Meadows,OR,SNTL,44.61297,-122.22565,4020.0,170900060301,1978-10-01,2100-01-01
585:WY:SNTL,585,Little Warm,WY,SNTL,43.50278,-109.752,9370.0,100800010212,1978-10-01,2100-01-01
588:ID:SNTL,588,Lolo Pass,ID,SNTL,46.63448,-114.58072,5280.0,170102051401,1982-10-01,2100-01-01
590:MT:SNTL,590,Lone Mountain,MT,SNTL,45.27412,-111.42692,8820.0,100200080201,1988-10-01,2100-01-01
591:WA:SNTL,591,Lone Pine,WA,SNTL,46.27143,-121.96288,3940.0,170800020203,1978-10-01,2100-01-01
594:ID:SNTL,594,Lookout,ID,SNTL,47.45749,-115.70457,5180.0,170103020101,1978-10-01,2100-01-01
597:WY:SNTL,597,Loomis Park,WY,SNTL,43.17387,-110.14007,8240.0,140401010201,1979-10-01,2100-01-01
599:WA:SNTL,599,Lost Horse,WA,SNTL,46.35754,-121.0809,5100.0,170300030302,1989-10-01,2100-01-01
600:ID:SNTL,600,Lost Lake,ID,SNTL,47.0809,-115.9604,6090.0,170603080101,1979-10-01,2100-01-01
601:ID:SNTL,601,Lost-Wood Divide,ID,SNTL,43.82441,-114.26404,7870.0,170402190304,1979-10-01,2100-01-01
603:MT:SNTL,603,Lower Twin,MT,SNTL,45.50871,-111.92288,7920.0,100200071101,1976-10-01,2100-01-01
604:MT:SNTL,604,Lubrecht Flume,MT,SNTL,46.88293,-113.32228,4690.0,170102031204,1970-10-01,2100-01-01
605:OR:SNTL,605,Lucky Strike,OR,SNTL,45.27478,-118.8479,4970.0,170701030606,1978-10-01,2100-01-01
606:WA:SNTL,606,Lyman Lake,WA,SNTL,48.19798,-120.91678,5990.0,170200090203,1978-10-01,2100-01-01
608:OR:SNTL,608,Madison Butte,OR,SNTL,45.10513,-119.49585,5150.0,170702041101,1979-10-01,2100-01-01
609:MT:SNTL,609,Madison Plateau,MT,SNTL,44.58623,-111.11627,7710.0,100200070204,1967-10-01,2100-01-01
610:ID:SNTL,610,Magic Mountain,ID,SNTL,42.18071,-114.28665,6940.0,170402120601,1979-10-01,2100-01-01
613:MT:SNTL,613,Many Glacier,MT,SNTL,48.79698,-113.6705,4930.0,090400010201,1976-10-01,2100-01-01
614:OR:SNTL,614,Marion Forks,OR,SNTL,44.59397,-121.97365,2590.0,170900050205,1979-10-01,2100-01-01
616:WY:SNTL,616,Marquette,WY,SNTL,44.3016,-109.24019,8800.0,100800130303,1979-10-01,2100-01-01
619:OR:SNTL,619,Mckenzie,OR,SNTL,44.2103,-121.87292,4770.0,170900040207,1979-10-01,2100-01-01
620:ID:SNTL,620,Meadow Lake,ID,SNTL,44.43655,-113.31815,9190.0,170602040101,1979-10-01,2100-01-01
623:ID:SNTL,623,Mica Creek,ID,SNTL,47.15045,-116.26643,4480.0,170103040604,1989-10-01,2100-01-01
625:WY:SNTL,625,Middle Powder,WY,SNTL,43.62733,-107.18152,7760.0,100800080205,1978-10-01,2100-01-01
627:ID:SNTL,627,Mill Creek Summit,ID,SNTL,44.47212,-114.48992,8780.0,170602010501,1978-10-01,2100-01-01
635:MT:SNTL,635,Monument Peak,MT,SNTL,45.21759,-110.237,8740.0,100700020902,1976-10-01,2100-01-01
636:ID:SNTL,636,Moonshine,ID,SNTL,44.41478,-113.39814,7490.0,170402170201,1979-10-01,2100-01-01
637:ID:SNTL,637,Mores Creek Summit,ID,SNTL,43.932,-115.66588,6090.0,170501110503,1978-09-30,2100-01-01
638:ID:SNTL,638,Moose Creek,ID,SNTL,45.67008,-113.95315,6170.0,170602030601,1979-10-01,2100-01-01
639:ID:SNTL,639,Morgan Creek,ID,SNTL,44.84237,-114.26871,7620.0,170602030901,1979-10-01,2100-01-01
642:WA:SNTL,642,Morse Lake,WA,SNTL,46.90585,-121.4827,5400.0,170300020106,1978-10-01,2100-01-01
644:WA:SNTL,644,Moses Mtn,WA,SNTL,48.36166,-119.08158,5470.0,170200061903,1991-10-01,2100-01-01
645:ID:SNTL,645,Mosquito Ridge,ID,SNTL,48.05726,-116.23055,5270.0,170103010101,1978-10-01,2100-01-01
646:MT:SNTL,646,Moss Peak,MT,SNTL,47.68497,-113.96239,6760.0,170102080404,1961-04-01,2100-01-01
647:OR:SNTL,647,Moss Springs,OR,SNTL,45.27173,-117.68747,5760.0,170601040702,1979-10-01,2100-01-01
648:WA:SNTL,648,Mount Crag,WA,SNTL,47.7637,-123.026,3960.0,171100180601,1989-10-01,2100-01-01
649:MT:SNTL,649,Mount Lockhart,MT,SNTL,47.91727,-112.8238,6430.0,100302050102,1968-10-01,2100-01-01
650:ID:SNTL,650,Mountain Meadows,ID,SNTL,45.69694,-115.22972,6340.0,170603020301,1979-10-01,2100-01-01
651:OR:SNTL,651,Mt Hood Test Site,OR,SNTL,45.32097,-121.7158,5380.0,170800010302,1979-10-01,2100-01-01
653:OR:SNTL,653,Mt. Howard,OR,SNTL,45.26514,-117.17377,7840.0,170601050102,1979-10-01,2100-01-01
654:ID:SNTL,654,Mud Flat,ID,SNTL,42.6004,-116.55925,5750.0,170501041401,1979-10-01,2100-01-01
655:OR:SNTL,655,Mud Ridge,OR,SNTL,45.25362,-121.73673,4070.0,170800010302,1978-10-01,2100-01-01
656:MT:SNTL,656,Mule Creek,MT,SNTL,45.40957,-112.95927,8300.0,100200041303,1977-10-01,2100-01-01
657:MT:SNTL,657,N Fk Elk Creek,MT,SNTL,46.8716,-113.27725,6180.0,170102031204,1967-10-01,2100-01-01
660:OR:SNTL,660,New Crescent Lake,OR,SNTL,43.51185,-121.97982,4910.0,170703020205,1979-10-01,2100-01-01
661:WY:SNTL,661,New Fork Lake,WY,SNTL,43.11265,-109.94947,8380.0,140401020201,1984-10-01,2100-01-01
662:MT:SNTL,662,Nez Perce Camp,MT,SNTL,45.73107,-114.48075,5670.0,170102050204,1967-10-01,2100-01-01
664:MT:SNTL,664,Noisy Basin,MT,SNTL,48.15668,-113.9463,6070.0,170102080208,1961-04-01,2100-01-01
666:OR:SNTL,666,North Fork,OR,SNTL,45.5505,-122.00283,3070.0,170800010503,1978-10-01,2100-01-01
667:MT:SNTL,667,North Fork Jocko,MT,SNTL,47.27258,-113.75631,6110.0,170102120702,1961-04-01,2100-01-01
668:WY:SNTL,668,North French Creek,WY,SNTL,41.33087,-106.37558,10150.0,101800020502,1962-09-01,2100-01-01
670:MT:SNTL,670,Northeast Entrance,MT,SNTL,45.00568,-110.01411,7420.0,100700010602,1937-10-01,2100-01-01
671:OR:SNTL,671,Ochoco Meadows,OR,SNTL,44.42917,-120.3311,5430.0,170703050201,1979-10-01,2100-01-01
672:WA:SNTL,672,Olallie Meadows,WA,SNTL,47.37406,-121.44213,4010.0,171100100301,1979-10-01,2100-01-01
676:WY:SNTL,676,Owl Creek,WY,SNTL,43.65868,-109.00988,8990.0,100800070103,1979-10-01,2100-01-01
677:ID:SNTL,677,Oxford Spring,ID,SNTL,42.26024,-112.12523,6790.0,160102040206,1979-10-01,2100-01-01
679:WA:SNTL,679,Paradise,WA,SNTL,46.78266,-121.74767,5150.0,171100150104,1979-10-01,2100-01-01
681:WA:SNTL,681,Park Creek Ridge,WA,SNTL,48.44488,-120.91551,4610.0,170200090106,1978-10-01,2100-01-01
683:WY:SNTL,683,Parker Peak,WY,SNTL,44.73396,-109.91484,9420.0,100700010502,1979-10-01,2100-01-01
687:OR:SNTL,687,Peavine Ridge,OR,SNTL,45.04148,-121.93252,3420.0,170900110306,1979-10-01,2100-01-01
689:WY:SNTL,689,Phillips Bench,WY,SNTL,43.51687,-110.91258,8170.0,170401030504,1976-03-01,2100-01-01
690:MT:SNTL,690,Pickfoot Creek,MT,SNTL,46.57969,-111.26812,6680.0,100301030501,1977-06-01,2100-01-01
692:WA:SNTL,692,Pigtail Peak,WA,SNTL,46.62153,-121.38643,5800.0,170300020301,1979-10-01,2100-01-01
693:MT:SNTL,693,Pike Creek,MT,SNTL,48.30305,-113.32868,5930.0,100302010103,1960-10-01,2100-01-01
695:ID:SNTL,695,Pine Creek Pass,ID,SNTL,43.56998,-111.21157,6710.0,170402040101,1988-10-01,2100-01-01
696:MT:SNTL,696,Placer Basin,MT,SNTL,45.41905,-110.08844,8790.0,100700020701,1976-10-01,2100-01-01
699:WA:SNTL,699,Pope Ridge,WA,SNTL,47.9909,-120.56622,3590.0,170200100204,1979-10-01,2100-01-01
700:MT:SNTL,700,Porcupine,MT,SNTL,46.11192,-110.4696,6480.0,100700030303,1975-10-01,2100-01-01
702:WA:SNTL,702,Potato Hill,WA,SNTL,46.3497,-121.51415,4480.0,170800040303,1980-10-01,2100-01-01
703:WY:SNTL,703,Powder River Pass,WY,SNTL,44.16188,-107.12622,9480.0,100800080304,1949-10-01,2100-01-01
704:ID:SNTL,704,Prairie,ID,SNTL,43.50513,-115.573,4800.0,170501131103,1979-10-01,2100-01-01
706:OR:SNTL,706,Quartz Mountain,OR,SNTL,42.31923,-120.82533,5710.0,180102020404,1979-10-01,2100-01-01
707:WA:SNTL,707,Quartz Peak,WA,SNTL,47.87927,-117.08938,4710.0,170103080302,1985-10-01,2100-01-01
710:OR:SNTL,710,Railroad Overpass,OR,SNTL,43.65887,-122.21272,2680.0,170900010302,1980-10-01,2100-01-01
711:WA:SNTL,711,Rainy Pass,WA,SNTL,48.51865,-120.7358,4880.0,171100050503,1979-10-01,2100-01-01
712:OR:SNTL,712,Red Hill,OR,SNTL,45.4643,-121.70428,4410.0,170701050505,1978-10-01,2100-01-01
716:WY:SNTL,716,Reno Hill,WY,SNTL,42.57089,-106.08969,8410.0,101800070901,1979-10-01,2100-01-01
719:OR:SNTL,719,Roaring River,OR,SNTL,43.90098,-122.03063,4960.0,170900040302,1979-10-01,2100-01-01
721:OR:SNTL,721,Rock Springs,OR,SNTL,44.00883,-118.83842,5290.0,170501160204,1979-10-01,2100-01-01
722:MT:SNTL,722,Rocker Peak,MT,SNTL,46.35613,-112.26176,7960.0,100200060302,1967-10-01,2100-01-01
725:MT:SNTL,725,S Fork Shields,MT,SNTL,46.08963,-110.43367,8090.0,100700030301,1978-10-01,2100-01-01
726:OR:SNTL,726,Saddle Mountain,OR,SNTL,45.54475,-123.37331,3090.0,170900100201,1978-10-01,2100-01-01
727:MT:SNTL,727,Saddle Mtn.,MT,SNTL,45.69259,-113.96828,7890.0,170102050502,1967-10-01,2100-01-01
728:WA:SNTL,728,Salmon Meadows,WA,SNTL,48.65518,-119.8383,4460.0,170200062003,1979-10-01,2100-01-01
729:OR:SNTL,729,Salt Creek Falls,OR,SNTL,43.61193,-122.11758,4220.0,170900010301,1979-10-01,2100-01-01
730:WY:SNTL,730,Salt River Summit,WY,SNTL,42.5075,-110.9099,7630.0,170401050101,1959-10-01,2100-01-01
731:WY:SNTL,731,Sand Lake,WY,SNTL,41.4625,-106.281,10080.0,101800040101,1979-10-01,2100-01-01
732:WY:SNTL,732,Sandstone RS,WY,SNTL,41.11179,-107.17043,8150.0,140500030208,1984-10-01,2100-01-01
733:OR:SNTL,733,Santiam Jct.,OR,SNTL,44.43503,-121.94502,3740.0,170900040201,1978-10-01,2100-01-01
734:WA:SNTL,734,Sasse Ridge,WA,SNTL,47.38485,-121.06323,4340.0,170300010104,1983-10-01,2100-01-01
735:ID:SNTL,735,Savage Pass,ID,SNTL,46.46633,-114.63333,6170.0,170603030208,1982-10-01,2100-01-01
736:OR:SNTL,736,Schneider Meadows,OR,SNTL,45.00107,-117.16522,5400.0,170502010603,1980-10-01,2100-01-01
738:ID:SNTL,738,Schweitzer Basin,ID,SNTL,48.37428,-116.63917,6090.0,170102150502,1979-10-01,2100-01-01
740:ID:SNTL,740,Secesh Summit,ID,SNTL,45.18848,-115.97152,6530.0,170602080502,1979-10-01,2100-01-01
741:ID:SNTL,741,Sedgwick Peak,ID,SNTL,42.52463,-111.95632,7800.0,170402080209,1988-10-01,2100-01-01
743:OR:SNTL,743,Seine Creek,OR,SNTL,45.52688,-123.29857,2070.0,170900100203,1979-10-01,2100-01-01
745:OR:SNTL,745,Sevenmile Marsh,OR,SNTL,42.69825,-122.14165,5690.0,180102030104,1979-10-01,2100-01-01
747:ID:SNTL,747,Shanghi Summit,ID,SNTL,46.56603,-115.74216,4590.0,170603060402,1982-10-01,2100-01-01
748:WA:SNTL,748,Sheep Canyon,WA,SNTL,46.19325,-122.25393,3990.0,170800050601,1980-10-01,2100-01-01
749:ID:SNTL,749,Sheep Mtn.,ID,SNTL,43.2103,-111.68792,6630.0,170402050304,1978-10-01,2100-01-01
751:WY:SNTL,751,Shell Creek,WY,SNTL,44.50012,-107.42947,9570.0,100800100101,1978-10-01,2100-01-01
752:ID:SNTL,752,Sherwin,ID,SNTL,46.95028,-116.33972,3190.0,170103040703,1979-10-01,2100-01-01
753:MT:SNTL,753,Short Creek,MT,SNTL,44.97572,-111.95215,6990.0,100200030106,1985-10-01,2100-01-01
754:MT:SNTL,754,Shower Falls,MT,SNTL,45.40125,-110.95758,8060.0,100200081001,1964-10-01,2100-01-01
756:OR:SNTL,756,Silver Creek,OR,SNTL,42.95615,-121.18123,5750.0,171200050206,1979-10-01,2100-01-01
759:OR:SNTL,759,Silvies,OR,SNTL,42.75333,-118.68785,7000.0,171200030201,1978-10-01,2100-01-01
760:MT:SNTL,760,Skalkaho Summit,MT,SNTL,46.24212,-113.7725,7260.0,170102021003,1966-10-01,2100-01-01
761:ID:SNTL,761,Slug Creek Divide,ID,SNTL,42.56248,-111.29797,7240.0,170402070201,1978-10-01,2100-01-01
764:WY:SNTL,764,Snake River Station,WY,SNTL,44.13361,-110.66917,6900.0,170401010402,1989-10-01,2100-01-01
765:WY:SNTL,765,Snider Basin,WY,SNTL,42.4949,-110.53203,8080.0,140401010906,1980-09-15,2100-01-01
767:OR:SNTL,767,Snow Mountain,OR,SNTL,43.94885,-119.54013,6230.0,171200020501,1978-10-01,2100-01-01
769:ID:SNTL,769,Soldier R.S.,ID,SNTL,43.48407,-114.82692,5780.0,170402200303,1985-10-01,2100-01-01
770:ID:SNTL,770,Somsen Ranch,ID,SNTL,42.95275,-111.35933,6830.0,170402070101,1978-10-01,2100-01-01
772:WY:SNTL,772,South Brush Creek,WY,SNTL,41.3295,-106.5025,8480.0,101800020303,1976-02-01,2100-01-01
774:ID:SNTL,774,South Mtn.,ID,SNTL,42.76476,-116.90029,6650.0,170501080205,1978-10-01,2100-01-01
775:WY:SNTL,775,South Pass,WY,SNTL,42.57314,-108.84324,9040.0,100800030101,1984-10-01,2100-01-01
776:WA:SNTL,776,Spencer Meadow,WA,SNTL,46.1795,-121.92661,3400.0,170800020108,1980-10-01,2100-01-01
777:WA:SNTL,777,Spirit Lake,WA,SNTL,46.26113,-122.1772,3520.0,170800050502,1983-10-01,2100-01-01
779:WY:SNTL,779,Spring Creek Divide,WY,SNTL,42.52516,-110.66148,9020.0,140401011001,1978-10-01,2100-01-01
781:MT:SNTL,781,Spur Park,MT,SNTL,46.77962,-110.62165,8080.0,100401030301,1966-10-01,2100-01-01
782:ID:SNTL,782,Puhi Flat,ID,SNTL,44.77091,-116.24805,6240.0,170501240401,1979-10-01,2100-01-01
783:MT:SNTL,783,Sleeping Woman,MT,SNTL,47.17902,-114.33371,6120.0,170102120708,1988-10-01,2100-01-01
786:WY:SNTL,786,St. Lawrence Alt,WY,SNTL,43.03312,-109.17021,8610.0,100800020105,1983-10-01,2100-01-01
787:MT:SNTL,787,Stahl Peak,MT,SNTL,48.90902,-114.86298,6040.0,170101010801,1968-10-01,2100-01-01
788:WA:SNTL,788,Stampede Pass,WA,SNTL,47.27427,-121.34162,3850.0,171100130103,1979-10-01,2100-01-01
789:OR:SNTL,789,Starr Ridge,OR,SNTL,44.26423,-119.02162,5240.0,171200020102,1979-10-01,2100-01-01
791:WA:SNTL,791,Stevens Pass,WA,SNTL,47.74607,-121.09288,3940.0,171100090102,1979-10-01,2100-01-01
792:ID:SNTL,792,Stickney Mill,ID,SNTL,43.86117,-114.20902,7440.0,170402180303,1979-10-01,2100-01-01
794:OR:SNTL,794,Strawberry,OR,SNTL,42.12587,-120.8361,5760.0,180102040501,1979-10-01,2100-01-01
798:WY:SNTL,798,Sucker Creek,WY,SNTL,44.72279,-107.40035,8840.0,100901010203,1978-10-01,2100-01-01
800:OR:SNTL,800,Summer Rim,OR,SNTL,42.6957,-120.80158,7080.0,180102020103,1978-10-01,2100-01-01
801:OR:SNTL,801,Summit Lake,OR,SNTL,43.44907,-122.13808,5610.0,170703020203,1978-10-01,2100-01-01
803:ID:SNTL,803,Sunset,ID,SNTL,47.55545,-115.82422,5570.0,170103020102,1978-10-01,2100-01-01
804:WA:SNTL,804,Surprise Lakes,WA,SNTL,46.09497,-121.76345,4280.0,170800020107,1978-10-01,2100-01-01
805:ID:SNTL,805,Swede Peak,ID,SNTL,43.626,-113.96887,7640.0,170402210301,1978-10-01,2100-01-01
806:WY:SNTL,806,Sylvan Lake,WY,SNTL,44.47764,-110.15651,8440.0,100700010404,1978-10-01,2100-01-01
807:WY:SNTL,807,Sylvan Road,WY,SNTL,44.47825,-110.03808,7140.0,100800120103,1986-10-01,2100-01-01
810:OR:SNTL,810,Taylor Butte,OR,SNTL,42.69108,-121.42592,5030.0,180102020606,1978-10-01,2100-01-01
812:OR:SNTL,812,Taylor Green,OR,SNTL,45.07707,-117.55067,5730.0,170601040502,1978-10-01,2100-01-01
813:MT:SNTL,813,Tepee Creek,MT,SNTL,44.78562,-111.71,7950.0,100200070602,1971-10-01,2100-01-01
815:OR:SNTL,815,Three Creeks Meadow,OR,SNTL,44.14425,-121.64095,5680.0,170703010601,1979-10-01,2100-01-01
816:WY:SNTL,816,Thumb Divide,WY,SNTL,44.36917,-110.57717,7970.0,100700010409,1987-09-30,2100-01-01
817:WA:SNTL,817,Thunder Basin,WA,SNTL,48.52753,-120.9895,4310.0,171100050702,1987-09-30,2100-01-01
818:WY:SNTL,818,Tie Creek,WY,SNTL,44.81243,-107.41017,7050.0,100901010205,1994-08-01,2100-01-01
819:WY:SNTL,819,Timber Creek,WY,SNTL,44.0274,-109.17879,7910.0,100800090210,1967-08-01,2100-01-01
821:OR:SNTL,821,Tipton,OR,SNTL,44.65567,-118.42617,5150.0,170502020101,1978-10-01,2100-01-01
822:WY:SNTL,822,Togwotee Pass,WY,SNTL,43.74902,-110.0578,9590.0,100800010201,1960-10-01,2100-01-01
824:WA:SNTL,824,Touchet,WA,SNTL,46.11868,-117.8505,5520.0,170701020303,1979-10-01,2100-01-01
826:WY:SNTL,826,Townsend Creek,WY,SNTL,42.69525,-108.89572,8720.0,100800030203,1979-10-01,2100-01-01
830:ID:SNTL,830,Trinity Mtn.,ID,SNTL,43.62903,-115.43818,7790.0,170501110703,1978-10-01,2100-01-01
831:WY:SNTL,831,Triple Peak,WY,SNTL,42.76393,-110.5914,8520.0,140401010503,1984-10-01,2100-01-01
832:WA:SNTL,832,Trough,WA,SNTL,47.23328,-120.29412,5480.0,170200100402,1978-10-01,2100-01-01
835:MT:SNTL,835,Twelvemile Creek,MT,SNTL,46.14287,-114.44755,5530.0,170102050601,1967-10-01,2100-01-01
836:MT:SNTL,836,Twin Lakes,MT,SNTL,46.1438,-114.5056,6380.0,170102050601,1967-10-01,2100-01-01
837:WY:SNTL,837,Two Ocean Plateau,WY,SNTL,44.15178,-110.22122,9240.0,170401010201,1979-10-01,2100-01-01
841:WA:SNTL,841,Upper Wheeler,WA,SNTL,47.28734,-120.37015,4330.0,170200100310,1979-10-01,2100-01-01
845:ID:SNTL,845,Vienna Mine,ID,SNTL,43.79942,-114.85273,8930.0,170602010201,1978-10-01,2100-01-01
847:MT:SNTL,847,Waldron,MT,SNTL,47.91998,-112.79087,5640.0,100302050102,1968-10-01,2100-01-01
850:MT:SNTL,850,Warm Springs,MT,SNTL,46.27368,-113.164,7840.0,170102010302,1977-07-01,2100-01-01
852:WY:SNTL,852,Webber Springs,WY,SNTL,41.1591,-106.92809,9250.0,101800020406,1976-02-01,2100-01-01
855:ID:SNTL,855,West Branch,ID,SNTL,45.0722,-116.45413,5590.0,170501240201,1979-10-01,2100-01-01
858:MT:SNTL,858,Whiskey Creek,MT,SNTL,44.61088,-111.14998,6790.0,100200070203,1967-10-01,2100-01-01
859:WY:SNTL,859,Whiskey Park,WY,SNTL,41.00368,-106.90795,8950.0,140500030102,1985-10-01,2100-01-01
860:ID:SNTL,860,White Elephant,ID,SNTL,44.53267,-111.41085,7670.0,170402020305,1979-10-01,2100-01-01
862:MT:SNTL,862,White Mill,MT,SNTL,45.04575,-109.90987,8730.0,100700060202,1966-10-01,2100-01-01
863:WA:SNTL,863,White Pass E.S.,WA,SNTL,46.64142,-121.38153,4440.0,170300020301,1979-10-01,2100-01-01
867:ID:SNTL,867,Wildhorse Divide,ID,SNTL,42.75743,-112.47783,6480.0,170402080504,1979-10-01,2100-01-01
868:WY:SNTL,868,Willow Creek,WY,SNTL,42.81513,-110.83515,8060.0,170401050204,1979-10-01,2100-01-01
871:ID:SNTL,871,Wilson Creek,ID,SNTL,42.01257,-115.00278,7110.0,170402130202,1989-10-01,2100-01-01
872:WY:SNTL,872,Windy Peak,WY,SNTL,42.27991,-105.57782,7890.0,101800080802,1979-10-01,2100-01-01
873:OR:SNTL,873,Wolf Creek,OR,SNTL,45.06704,-118.15185,5730.0,170502030601,1978-10-01,2100-01-01
875:WY:SNTL,875,Wolverine,WY,SNTL,44.80417,-109.657,7660.0,100700060104,1979-10-01,2100-01-01
876:MT:SNTL,876,Wood Creek,MT,SNTL,47.44847,-112.81428,5970.0,100301040202,1978-10-01,2100-01-01
878:WY:SNTL,878,Younts Peak,WY,SNTL,43.93225,-109.81775,8340.0,100800130103,1979-10-01,2100-01-01
893:MT:SNTL,893,Tizer Basin,MT,SNTL,46.34937,-111.85308,6880.0,100301010701,1987-10-01,2100-01-01
895:ID:SNTL,895,Chocolate Gulch,ID,SNTL,43.7685,-114.41812,6310.0,170402190301,1992-10-01,2100-01-01
897:WA:SNTL,897,Meadows Pass,WA,SNTL,47.28312,-121.47197,3230.0,171100120101,1993-10-01,2100-01-01
898:WA:SNTL,898,Mount Gardner,WA,SNTL,47.35768,-121.56812,2930.0,171100120103,1993-10-01,2100-01-01
899:WA:SNTL,899,Tinkham Creek,WA,SNTL,47.33198,-121.46975,3000.0,171100120101,1993-10-01,2100-01-01
901:MT:SNTL,901,Stuart Mountain,MT,SNTL,46.99521,-113.92667,7270.0,170102040102,1994-07-26,2100-01-01
903:MT:SNTL,903,Nevada Ridge,MT,SNTL,46.84234,-112.50787,7030.0,170102030302,1977-10-01,2100-01-01
908:WA:SNTL,908,Alpine Meadows,WA,SNTL,47.77957,-121.69847,3500.0,171100100501,1994-09-01,2100-01-01
909:WA:SNTL,909,Wells Creek,WA,SNTL,48.8661,-121.78976,4040.0,171100040103,1995-08-24,2100-01-01
910:WA:SNTL,910,Elbow Lake,WA,SNTL,48.69092,-121.90893,3050.0,171100040401,1995-08-24,2100-01-01
911:WA:SNTL,911,Rex River,WA,SNTL,47.30218,-121.60475,3810.0,171100120102,1995-08-28,2100-01-01
912:WA:SNTL,912,Skookum Creek,WA,SNTL,47.68433,-121.61007,3320.0,171100100503,1995-08-28,2100-01-01
915:ID:SNTL,915,Schwartz Lake,ID,SNTL,44.84618,-113.83732,8620.0,170602040604,1995-09-26,2100-01-01
916:MT:SNTL,916,Albro Lake,MT,SNTL,45.59723,-111.95902,8500.0,100200050701,1996-09-01,2100-01-01
917:MT:SNTL,917,Rocky Boy,MT,SNTL,48.17478,-109.64728,4730.0,100500040101,1967-10-01,2100-01-01
918:MT:SNTL,918,Garver Creek,MT,SNTL,48.97523,-115.81915,4250.0,170101030202,1968-10-01,2100-01-01
919:MT:SNTL,919,Daisy Peak,MT,SNTL,46.66858,-110.33022,7590.0,100402010106,1977-09-01,2100-01-01
923:WY:SNTL,923,Deer Park,WY,SNTL,42.59076,-108.90273,9690.0,100800030101,1997-08-14,2100-01-01
924:MT:SNTL,924,West Yellowstone,MT,SNTL,44.65866,-111.09199,6680.0,100200070205,1966-10-01,2100-01-01
925:OR:SNTL,925,South Fork Bull Run,OR,SNTL,45.44575,-122.03125,2690.0,170800010504,1997-09-18,2100-01-01
926:ID:SNTL,926,Smiley Mountain,ID,SNTL,43.72718,-113.83402,9540.0,170402180102,2001-09-19,2100-01-01
928:WA:SNTL,928,Huckleberry Creek,WA,SNTL,47.06565,-121.58778,2250.0,171100140307,1997-10-01,2100-01-01
929:MT:SNTL,929,Sacajawea,MT,SNTL,45.87395,-110.92783,6610.0,100700030403,1999-09-30,2100-01-01
930:MT:SNTL,930,Peterson Meadows,MT,SNTL,46.12588,-113.30792,7190.0,170102020101,1965-10-01,2100-01-01
931:WY:SNTL,931,Big Goose,WY,SNTL,44.57922,-107.20068,8010.0,100901010103,1998-07-22,2100-01-01
932:MT:SNTL,932,Poorman Creek,MT,SNTL,48.12632,-115.6234,5050.0,170101011301,1968-10-01,2100-01-01
941:WA:SNTL,941,Mowich,WA,SNTL,46.92833,-121.95232,3170.0,171100140105,1998-09-30,2100-01-01
942:WA:SNTL,942,Burnt Mountain,WA,SNTL,47.0444,-121.94032,4160.0,171100140103,1999-07-01,2100-01-01
943:WA:SNTL,943,Dungeness,WA,SNTL,47.8722,-123.07879,3990.0,171100200301,1998-10-01,2100-01-01
944:WY:SNTL,944,Gunsight Pass,WY,SNTL,43.38332,-109.87815,9820.0,170401020102,1998-09-01,2100-01-01
945:OR:SNTL,945,Gerber Reservoir,OR,SNTL,42.2062,-121.1334,4880.0,180102040508,1998-10-01,2100-01-01
974:WA:SNTL,974,Waterhole,WA,SNTL,47.94485,-123.42594,5010.0,171100200506,1999-09-30,2100-01-01
975:WA:SNTL,975,Swamp Creek,WA,SNTL,48.57142,-120.78267,3930.0,171100050503,1999-10-01,2100-01-01
978:ID:SNTL,978,Bogus Basin,ID,SNTL,43.76377,-116.09685,6370.0,170501220201,1999-09-21,2100-01-01
979:ID:SNTL,979,Van Wyck,ID,SNTL,44.37665,-116.3366,4960.0,170501240902,2000-10-01,2100-01-01
981:MT:SNTL,981,Burnt Mtn,MT,SNTL,45.2401,-109.45961,5920.0,100700060802,2000-09-30,2100-01-01
982:WY:SNTL,982,Cole Canyon,WY,SNTL,44.48632,-104.41057,5930.0,101202030302,2000-06-01,2100-01-01
984:WA:SNTL,984,Spruce Springs,WA,SNTL,46.18287,-117.54155,5690.0,170601030201,2000-07-01,2100-01-01
985:WA:SNTL,985,Sourdough Gulch,WA,SNTL,46.23713,-117.39435,3960.0,170601030202,2000-07-01,2100-01-01
988:ID:SNTL,988,Hidden Lake,ID,SNTL,48.89368,-116.75743,5000.0,170101040502,2000-09-20,2100-01-01
989:ID:SNTL,989,Moscow Mountain,ID,SNTL,46.805,-116.8535,4700.0,170603061002,2000-10-01,2100-01-01
990:WA:SNTL,990,Beaver Pass,WA,SNTL,48.8793,-121.2555,3630.0,171100050605,2000-10-01,2100-01-01
991:WA:SNTL,991,Hozomeen Camp,WA,SNTL,48.98075,-121.07976,1680.0,171100050602,2000-10-01,2100-01-01
998:WA:SNTL,998,Easy Pass,WA,SNTL,48.85933,-121.43895,5280.0,171100010101,2008-09-19,2100-01-01
999:WA:SNTL,999,Marten Ridge,WA,SNTL,48.76292,-121.69823,3520.0,171100051004,2006-07-01,2100-01-01
